Timestamp,Day,Hour,Active_Users,CPU_Usage (%),Memory_Usage (%),Business_Event,Scaling_Action
6/1/25 0:00,Sunday,0,74,26.87,31.95,None,0
6/1/25 1:00,Sunday,1,84,52.37,37.39,None,0
6/1/25 2:00,Sunday,2,76,26.78,12.16,None,0
6/1/25 3:00,Sunday,3,80,27.01,32.09,None,0
6/1/25 4:00,Sunday,4,59,16.11,26.71,None,0
6/1/25 5:00,Sunday,5,76,16.96,16.88,None,0
6/1/25 6:00,Sunday,6,85,21.98,23.45,None,0
6/1/25 7:00,Sunday,7,84,29.74,24.95,None,0
6/1/25 8:00,Sunday,8,86,30.09,30.26,None,0
6/1/25 9:00,Sunday,9,81,39.46,31.64,None,0
6/1/25 10:00,Sunday,10,79,29.19,24.54,None,0
6/1/25 11:00,Sunday,11,79,40.54,33.15,None,0
6/1/25 12:00,Sunday,12,73,38.23,8.86,None,0
6/1/25 13:00,Sunday,13,81,23.02,22.45,None,0
6/1/25 14:00,Sunday,14,79,35.54,30.15,None,0
6/1/25 15:00,Sunday,15,74,14.19,25.36,None,0
6/1/25 16:00,Sunday,16,85,38.01,33,None,0
6/1/25 17:00,Sunday,17,70,9.46,18.86,None,0
6/1/25 18:00,Sunday,18,81,43.82,12.59,None,0
6/1/25 19:00,Sunday,19,81,30.16,27.99,None,0
6/1/25 20:00,Sunday,20,87,27.85,37.36,None,0
6/1/25 21:00,Sunday,21,87,37.79,35.98,None,0
6/1/25 22:00,Sunday,22,72,37.64,23.12,None,0
6/1/25 23:00,Sunday,23,77,31.77,20.48,None,0
6/2/25 0:00,Monday,0,73,48.35,22.2,None,0
6/2/25 1:00,Monday,1,80,29.35,32.89,None,0
6/2/25 2:00,Monday,2,93,41.04,33.66,None,0
6/2/25 3:00,Monday,3,84,36.7,29.62,None,0
6/2/25 4:00,Monday,4,96,24.21,28.95,None,0
6/2/25 5:00,Monday,5,88,35.79,34.41,None,0
6/2/25 6:00,Monday,6,79,47.18,30.6,None,0
6/2/25 7:00,Monday,7,94,23.64,27.95,None,0
6/2/25 8:00,Monday,8,78,14.5,20.06,None,0
6/2/25 9:00,Monday,9,89,35.39,36.46,None,0
6/2/25 10:00,Monday,10,74,32.09,22.53,None,0
6/2/25 11:00,Monday,11,92,27.89,23.58,None,0
6/2/25 12:00,Monday,12,70,26.18,17.92,None,0
6/2/25 13:00,Monday,13,80,43.44,32.16,None,0
6/2/25 14:00,Monday,14,58,18.23,18.92,None,0
6/2/25 15:00,Monday,15,101,50.53,50.61,None,0
6/2/25 16:00,Monday,16,100,51.34,37.92,None,0
6/2/25 17:00,Monday,17,97,40.47,38.14,None,0
6/2/25 18:00,Monday,18,74,54.68,23.92,None,0
6/2/25 19:00,Monday,19,71,17.01,25.45,None,0
6/2/25 20:00,Monday,20,84,42.81,25.5,None,0
6/2/25 21:00,Monday,21,78,24.86,22.99,None,0
6/2/25 22:00,Monday,22,63,25.09,8.68,None,0
6/2/25 23:00,Monday,23,75,41.66,-0.95,None,0
6/3/25 0:00,Tuesday,0,74,33.87,32.39,None,0
6/3/25 1:00,Tuesday,1,84,28.62,22.91,None,0
6/3/25 2:00,Tuesday,2,88,46.45,48.1,None,0
6/3/25 3:00,Tuesday,3,87,26.22,25.84,None,0
6/3/25 4:00,Tuesday,4,94,34.11,24.11,None,0
6/3/25 5:00,Tuesday,5,80,44.81,41.99,None,0
6/3/25 6:00,Tuesday,6,75,19.72,23.21,None,0
6/3/25 7:00,Tuesday,7,80,33.54,36.66,None,0
6/3/25 8:00,Tuesday,8,74,22.29,26.02,None,0
6/3/25 9:00,Tuesday,9,73,24.45,21.15,None,0
6/3/25 10:00,Tuesday,10,68,24.36,25.58,None,0
6/3/25 11:00,Tuesday,11,97,39.99,47.61,None,0
6/3/25 12:00,Tuesday,12,77,34.98,30.36,None,0
6/3/25 13:00,Tuesday,13,69,30.89,24.4,None,0
6/3/25 14:00,Tuesday,14,71,30.52,26.79,None,0
6/3/25 15:00,Tuesday,15,95,25.6,30,None,0
6/3/25 16:00,Tuesday,16,78,51.09,38.42,None,0
6/3/25 17:00,Tuesday,17,74,48.15,31.2,None,0
6/3/25 18:00,Tuesday,18,84,46.64,17.71,None,0
6/3/25 19:00,Tuesday,19,68,30.01,24.76,None,0
6/3/25 20:00,Tuesday,20,72,33.39,6.53,None,0
6/3/25 21:00,Tuesday,21,76,27.87,23.93,None,0
6/3/25 22:00,Tuesday,22,67,10.94,21.63,None,0
6/3/25 23:00,Tuesday,23,73,30.02,21.63,None,0
6/4/25 0:00,Wednesday,0,77,41.41,28.49,None,0
6/4/25 1:00,Wednesday,1,76,37.14,34.15,None,0
6/4/25 2:00,Wednesday,2,73,29.61,29.49,None,0
6/4/25 3:00,Wednesday,3,86,34.51,27.9,None,0
6/4/25 4:00,Wednesday,4,78,34.62,36.42,None,0
6/4/25 5:00,Wednesday,5,91,43.04,40.38,None,0
6/4/25 6:00,Wednesday,6,63,41.26,21.96,None,0
6/4/25 7:00,Wednesday,7,86,48.85,30.75,None,0
6/4/25 8:00,Wednesday,8,84,38.77,31.08,None,0
6/4/25 9:00,Wednesday,9,73,24.9,27.18,None,0
6/4/25 10:00,Wednesday,10,88,28.73,18.11,None,0
6/4/25 11:00,Wednesday,11,89,32.53,43.39,None,0
6/4/25 12:00,Wednesday,12,64,39.01,15.9,None,0
6/4/25 13:00,Wednesday,13,66,33.77,26.35,None,0
6/4/25 14:00,Wednesday,14,90,28.78,30.8,None,0
6/4/25 15:00,Wednesday,15,76,25.81,26.06,None,0
6/4/25 16:00,Wednesday,16,84,42.78,28.77,None,0
6/4/25 17:00,Wednesday,17,74,32.52,19.45,None,0
6/4/25 18:00,Wednesday,18,83,46.27,32.58,None,0
6/4/25 19:00,Wednesday,19,101,38.05,26,None,0
6/4/25 20:00,Wednesday,20,92,44.05,37.53,None,0
6/4/25 21:00,Wednesday,21,66,16.38,37.72,None,0
6/4/25 22:00,Wednesday,22,87,33.44,31.84,None,0
6/4/25 23:00,Wednesday,23,79,23.18,42.68,None,0
6/5/25 0:00,Thursday,0,85,28.82,32.25,None,0
6/5/25 1:00,Thursday,1,75,23.08,40.25,None,0
6/5/25 2:00,Thursday,2,91,38.14,35.94,None,0
6/5/25 3:00,Thursday,3,72,52.75,28.06,None,0
6/5/25 4:00,Thursday,4,74,22.98,23.71,None,0
6/5/25 5:00,Thursday,5,58,27.81,27.46,None,0
6/5/25 6:00,Thursday,6,87,29.22,30.97,None,0
6/5/25 7:00,Thursday,7,75,52.14,34.17,None,0
6/5/25 8:00,Thursday,8,84,32.22,31.18,None,0
6/5/25 9:00,Thursday,9,74,32.72,17.77,None,0
6/5/25 10:00,Thursday,10,263,100,81.04,Payroll Processing,1
6/5/25 11:00,Thursday,11,178,59.04,77.15,Payroll Processing,0
6/5/25 12:00,Thursday,12,237,90.28,87.57,Payroll Processing,1
6/5/25 13:00,Thursday,13,65,31.42,10.94,None,0
6/5/25 14:00,Thursday,14,175,74.79,65.21,Month-End Reporting,0
6/5/25 15:00,Thursday,15,176,66.08,62.93,Month-End Reporting,0
6/5/25 16:00,Thursday,16,255,96.33,87.87,Month-End Reporting,1
6/5/25 17:00,Thursday,17,89,42.31,43.1,None,0
6/5/25 18:00,Thursday,18,252,93.86,86.98,Tax Filing,1
6/5/25 19:00,Thursday,19,225,100,87.92,Tax Filing,1
6/5/25 20:00,Thursday,20,86,42.78,28.01,None,0
6/5/25 21:00,Thursday,21,90,46.96,38.7,None,0
6/5/25 22:00,Thursday,22,78,31.16,3.75,None,0
6/5/25 23:00,Thursday,23,83,31.84,26.36,None,0
6/6/25 0:00,Friday,0,89,27.97,35.4,None,0
6/6/25 1:00,Friday,1,86,42.28,33.49,None,0
6/6/25 2:00,Friday,2,90,19.02,26.24,None,0
6/6/25 3:00,Friday,3,89,35.16,36.76,None,0
6/6/25 4:00,Friday,4,99,34.59,18.22,None,0
6/6/25 5:00,Friday,5,83,27.06,14.77,None,0
6/6/25 6:00,Friday,6,92,28.48,30.07,None,0
6/6/25 7:00,Friday,7,87,46.8,37.76,None,0
6/6/25 8:00,Friday,8,75,26.81,24.58,None,0
6/6/25 9:00,Friday,9,88,40.95,29.22,None,0
6/6/25 10:00,Friday,10,87,50.39,31.85,None,0
6/6/25 11:00,Friday,11,68,33.48,31.79,None,0
6/6/25 12:00,Friday,12,91,40.33,33.3,None,0
6/6/25 13:00,Friday,13,92,33.28,32.98,None,0
6/6/25 14:00,Friday,14,80,22.9,28.23,None,0
6/6/25 15:00,Friday,15,72,34.07,38.76,None,0
6/6/25 16:00,Friday,16,106,17.04,49.39,None,0
6/6/25 17:00,Friday,17,68,44.7,20.16,None,0
6/6/25 18:00,Friday,18,75,17.1,27.24,None,0
6/6/25 19:00,Friday,19,83,50.19,45.1,None,0
6/6/25 20:00,Friday,20,76,4.96,37.82,None,0
6/6/25 21:00,Friday,21,74,19.41,26.7,None,0
6/6/25 22:00,Friday,22,94,57.18,18.39,None,0
6/6/25 23:00,Friday,23,80,13.15,24.68,None,0
6/7/25 0:00,Saturday,0,74,33.77,11.82,None,0
6/7/25 1:00,Saturday,1,91,31.45,38.95,None,0
6/7/25 2:00,Saturday,2,81,38.08,30.1,None,0
6/7/25 3:00,Saturday,3,75,32.07,23.69,None,0
6/7/25 4:00,Saturday,4,89,20.46,32.08,None,0
6/7/25 5:00,Saturday,5,85,42.12,22.5,None,0
6/7/25 6:00,Saturday,6,77,28.24,26.77,None,0
6/7/25 7:00,Saturday,7,74,27.78,27.57,None,0
6/7/25 8:00,Saturday,8,81,38.05,25.96,None,0
6/7/25 9:00,Saturday,9,72,35.59,23.94,None,0
6/7/25 10:00,Saturday,10,82,20.53,28.44,None,0
6/7/25 11:00,Saturday,11,76,43.28,20.88,None,0
6/7/25 12:00,Saturday,12,70,21.86,33.22,None,0
6/7/25 13:00,Saturday,13,76,40.83,29.75,None,0
6/7/25 14:00,Saturday,14,74,28.3,22.02,None,0
6/7/25 15:00,Saturday,15,77,20.37,15.61,None,0
6/7/25 16:00,Saturday,16,79,39.89,39.45,None,0
6/7/25 17:00,Saturday,17,76,25.21,13.12,None,0
6/7/25 18:00,Saturday,18,77,42.75,29.48,None,0
6/7/25 19:00,Saturday,19,80,31.42,29.79,None,0
6/7/25 20:00,Saturday,20,75,34.42,44.57,None,0
6/7/25 21:00,Saturday,21,110,37.87,23.93,None,0
6/7/25 22:00,Saturday,22,91,39.11,42.28,None,0
6/7/25 23:00,Saturday,23,77,31.37,29.09,None,0
6/8/25 0:00,Sunday,0,90,47.02,26.38,None,0
6/8/25 1:00,Sunday,1,78,45.12,18.7,None,0
6/8/25 2:00,Sunday,2,79,17.05,33.37,None,0
6/8/25 3:00,Sunday,3,89,52.81,43.4,None,0
6/8/25 4:00,Sunday,4,88,39.62,40.01,None,0
6/8/25 5:00,Sunday,5,75,42.93,34.88,None,0
6/8/25 6:00,Sunday,6,74,20.69,29.25,None,0
6/8/25 7:00,Sunday,7,88,27.18,27.42,None,0
6/8/25 8:00,Sunday,8,79,53.14,22.68,None,0
6/8/25 9:00,Sunday,9,70,41.52,16.14,None,0
6/8/25 10:00,Sunday,10,87,41.46,30.24,None,0
6/8/25 11:00,Sunday,11,83,40.38,31.25,None,0
6/8/25 12:00,Sunday,12,82,25.8,10.7,None,0
6/8/25 13:00,Sunday,13,72,31.9,17.6,None,0
6/8/25 14:00,Sunday,14,65,24.72,31.44,None,0
6/8/25 15:00,Sunday,15,84,32.21,35.05,None,0
6/8/25 16:00,Sunday,16,97,49.28,30.17,None,0
6/8/25 17:00,Sunday,17,69,34.46,17.33,None,0
6/8/25 18:00,Sunday,18,93,33.4,33.52,None,0
6/8/25 19:00,Sunday,19,71,14.21,34.02,None,0
6/8/25 20:00,Sunday,20,73,53.3,18.32,None,0
6/8/25 21:00,Sunday,21,92,56.26,25.05,None,0
6/8/25 22:00,Sunday,22,61,15.38,35.09,None,0
6/8/25 23:00,Sunday,23,76,42.55,27.94,None,0
6/9/25 0:00,Monday,0,77,19.27,28.84,None,0
6/9/25 1:00,Monday,1,85,29.3,13.11,None,0
6/9/25 2:00,Monday,2,88,9.16,46.35,None,0
6/9/25 3:00,Monday,3,75,28.45,8.79,None,0
6/9/25 4:00,Monday,4,71,18.62,31.44,None,0
6/9/25 5:00,Monday,5,85,32.32,22.03,None,0
6/9/25 6:00,Monday,6,81,23.52,34.37,None,0
6/9/25 7:00,Monday,7,83,25.41,38.85,None,0
6/9/25 8:00,Monday,8,81,50.81,28.51,None,0
6/9/25 9:00,Monday,9,68,37.1,23.64,None,0
6/9/25 10:00,Monday,10,71,39.45,37.29,None,0
6/9/25 11:00,Monday,11,70,26.83,26.89,None,0
6/9/25 12:00,Monday,12,83,37.8,28.97,None,0
6/9/25 13:00,Monday,13,72,39.37,22.98,None,0
6/9/25 14:00,Monday,14,84,41.33,32.64,None,0
6/9/25 15:00,Monday,15,90,36.88,24.58,None,0
6/9/25 16:00,Monday,16,73,16.52,21.07,None,0
6/9/25 17:00,Monday,17,79,7.18,18.5,None,0
6/9/25 18:00,Monday,18,79,34.33,38.31,None,0
6/9/25 19:00,Monday,19,63,22.53,34.02,None,0
6/9/25 20:00,Monday,20,89,41.39,28,None,0
6/9/25 21:00,Monday,21,74,25.23,21.46,None,0
6/9/25 22:00,Monday,22,96,33.69,30.45,None,0
6/9/25 23:00,Monday,23,83,28.47,31.44,None,0
6/10/25 0:00,Tuesday,0,77,34.75,27.63,None,0
6/10/25 1:00,Tuesday,1,82,44.34,24.17,None,0
6/10/25 2:00,Tuesday,2,74,48.44,23.57,None,0
6/10/25 3:00,Tuesday,3,93,31.77,38.47,None,0
6/10/25 4:00,Tuesday,4,74,37.32,31.94,None,0
6/10/25 5:00,Tuesday,5,62,16.19,10.67,None,0
6/10/25 6:00,Tuesday,6,70,41.86,7.67,None,0
6/10/25 7:00,Tuesday,7,82,31.92,46.39,None,0
6/10/25 8:00,Tuesday,8,88,31.83,29.27,None,0
6/10/25 9:00,Tuesday,9,80,38.96,41.93,None,0
6/10/25 10:00,Tuesday,10,219,88.99,85.29,Payroll Processing,1
6/10/25 11:00,Tuesday,11,271,100,83.45,Payroll Processing,1
6/10/25 12:00,Tuesday,12,234,85.19,78.31,Payroll Processing,1
6/10/25 13:00,Tuesday,13,78,23.26,19.37,None,0
6/10/25 14:00,Tuesday,14,269,100,91.19,Month-End Reporting,1
6/10/25 15:00,Tuesday,15,197,81.51,69.27,Month-End Reporting,0
6/10/25 16:00,Tuesday,16,224,96.5,82.8,Month-End Reporting,1
6/10/25 17:00,Tuesday,17,83,34.19,27.17,None,0
6/10/25 18:00,Tuesday,18,197,62.44,77.9,Tax Filing,0
6/10/25 19:00,Tuesday,19,274,100,87.19,Tax Filing,1
6/10/25 20:00,Tuesday,20,78,24.82,27.2,None,0
6/10/25 21:00,Tuesday,21,67,38.57,26.47,None,0
6/10/25 22:00,Tuesday,22,68,55.25,15.71,None,0
6/10/25 23:00,Tuesday,23,76,33.51,23.53,None,0
6/11/25 0:00,Wednesday,0,84,33.14,21.01,None,0
6/11/25 1:00,Wednesday,1,87,17.9,18.04,None,0
6/11/25 2:00,Wednesday,2,72,45.97,26.76,None,0
6/11/25 3:00,Wednesday,3,85,33.75,37.73,None,0
6/11/25 4:00,Wednesday,4,75,26.27,21.7,None,0
6/11/25 5:00,Wednesday,5,81,27.42,21.88,None,0
6/11/25 6:00,Wednesday,6,77,54.19,29.64,None,0
6/11/25 7:00,Wednesday,7,93,28.43,30.66,None,0
6/11/25 8:00,Wednesday,8,82,38.61,19.26,None,0
6/11/25 9:00,Wednesday,9,77,47.8,16.73,None,0
6/11/25 10:00,Wednesday,10,88,30.66,16.82,None,0
6/11/25 11:00,Wednesday,11,77,26.42,29.92,None,0
6/11/25 12:00,Wednesday,12,88,44.04,33.97,None,0
6/11/25 13:00,Wednesday,13,76,31.59,28.8,None,0
6/11/25 14:00,Wednesday,14,79,49.89,20.14,None,0
6/11/25 15:00,Wednesday,15,64,19.42,25.57,None,0
6/11/25 16:00,Wednesday,16,85,17.89,44.18,None,0
6/11/25 17:00,Wednesday,17,84,27.41,37.4,None,0
6/11/25 18:00,Wednesday,18,75,28.02,24.15,None,0
6/11/25 19:00,Wednesday,19,90,41.94,39.69,None,0
6/11/25 20:00,Wednesday,20,87,40.1,17.17,None,0
6/11/25 21:00,Wednesday,21,88,49.9,25.38,None,0
6/11/25 22:00,Wednesday,22,83,22.6,36.15,None,0
6/11/25 23:00,Wednesday,23,78,41.81,33.81,None,0
6/12/25 0:00,Thursday,0,73,35.3,17.8,None,0
6/12/25 1:00,Thursday,1,83,29.89,25.44,None,0
6/12/25 2:00,Thursday,2,72,28.54,35.21,None,0
6/12/25 3:00,Thursday,3,85,38.53,43.53,None,0
6/12/25 4:00,Thursday,4,75,14.4,33.95,None,0
6/12/25 5:00,Thursday,5,69,46.16,29.69,None,0
6/12/25 6:00,Thursday,6,89,26.32,30.02,None,0
6/12/25 7:00,Thursday,7,80,36.6,32.14,None,0
6/12/25 8:00,Thursday,8,83,29.39,33.51,None,0
6/12/25 9:00,Thursday,9,80,23.42,37.48,None,0
6/12/25 10:00,Thursday,10,69,17.22,29.97,None,0
6/12/25 11:00,Thursday,11,106,34.04,44.18,None,0
6/12/25 12:00,Thursday,12,89,42.57,30.58,None,0
6/12/25 13:00,Thursday,13,81,26.94,28.16,None,0
6/12/25 14:00,Thursday,14,80,42.05,14.61,None,0
6/12/25 15:00,Thursday,15,88,40.75,22.33,None,0
6/12/25 16:00,Thursday,16,72,22.05,37.47,None,0
6/12/25 17:00,Thursday,17,77,24.12,31.7,None,0
6/12/25 18:00,Thursday,18,88,30.54,16.12,None,0
6/12/25 19:00,Thursday,19,90,30.88,11.64,None,0
6/12/25 20:00,Thursday,20,73,32.11,35.98,None,0
6/12/25 21:00,Thursday,21,99,34.33,29.06,None,0
6/12/25 22:00,Thursday,22,70,28.68,31.61,None,0
6/12/25 23:00,Thursday,23,66,18.88,22.39,None,0
6/13/25 0:00,Friday,0,89,38.66,23.41,None,0
6/13/25 1:00,Friday,1,79,38.39,22.01,None,0
6/13/25 2:00,Friday,2,61,20.8,19.82,None,0
6/13/25 3:00,Friday,3,83,40.8,37.72,None,0
6/13/25 4:00,Friday,4,82,9.37,26,None,0
6/13/25 5:00,Friday,5,82,16.88,20.9,None,0
6/13/25 6:00,Friday,6,89,34.26,49.18,None,0
6/13/25 7:00,Friday,7,73,40.45,28.25,None,0
6/13/25 8:00,Friday,8,67,28.43,21.68,None,0
6/13/25 9:00,Friday,9,66,26.68,22.82,None,0
6/13/25 10:00,Friday,10,67,32.04,24.32,None,0
6/13/25 11:00,Friday,11,99,42.65,37.06,None,0
6/13/25 12:00,Friday,12,73,12.86,21.03,None,0
6/13/25 13:00,Friday,13,84,18.49,29.72,None,0
6/13/25 14:00,Friday,14,59,34.52,6.6,None,0
6/13/25 15:00,Friday,15,67,37.15,17.5,None,0
6/13/25 16:00,Friday,16,88,24.5,21.93,None,0
6/13/25 17:00,Friday,17,84,34.69,23.21,None,0
6/13/25 18:00,Friday,18,86,22.25,32.79,None,0
6/13/25 19:00,Friday,19,73,25.59,15.75,None,0
6/13/25 20:00,Friday,20,104,39.83,45.59,None,0
6/13/25 21:00,Friday,21,85,34.32,31.07,None,0
6/13/25 22:00,Friday,22,80,22.02,27.9,None,0
6/13/25 23:00,Friday,23,82,35.55,22.22,None,0
6/14/25 0:00,Saturday,0,65,24.62,16.05,None,0
6/14/25 1:00,Saturday,1,80,26.03,32.48,None,0
6/14/25 2:00,Saturday,2,86,45.67,32.09,None,0
6/14/25 3:00,Saturday,3,84,36.58,19.32,None,0
6/14/25 4:00,Saturday,4,83,49.76,23.83,None,0
6/14/25 5:00,Saturday,5,85,31.8,33.74,None,0
6/14/25 6:00,Saturday,6,79,60.41,36.26,None,0
6/14/25 7:00,Saturday,7,81,26.79,21.47,None,0
6/14/25 8:00,Saturday,8,87,55.97,27.88,None,0
6/14/25 9:00,Saturday,9,89,28.31,33.45,None,0
6/14/25 10:00,Saturday,10,92,44.64,33.75,None,0
6/14/25 11:00,Saturday,11,77,48.03,30.61,None,0
6/14/25 12:00,Saturday,12,74,41.75,13.59,None,0
6/14/25 13:00,Saturday,13,83,44.09,22.39,None,0
6/14/25 14:00,Saturday,14,75,36.87,38.85,None,0
6/14/25 15:00,Saturday,15,71,21.57,29.57,None,0
6/14/25 16:00,Saturday,16,71,18.1,26.43,None,0
6/14/25 17:00,Saturday,17,82,37.44,42.69,None,0
6/14/25 18:00,Saturday,18,95,41.25,24.41,None,0
6/14/25 19:00,Saturday,19,84,26.28,22.67,None,0
6/14/25 20:00,Saturday,20,82,23.66,39.94,None,0
6/14/25 21:00,Saturday,21,55,6.43,37.17,None,0
6/14/25 22:00,Saturday,22,82,39.54,19,None,0
6/14/25 23:00,Saturday,23,64,18.28,24.25,None,0
6/15/25 0:00,Sunday,0,77,40.43,21.82,None,0
6/15/25 1:00,Sunday,1,83,50.2,15.57,None,0
6/15/25 2:00,Sunday,2,59,30.12,13.54,None,0
6/15/25 3:00,Sunday,3,87,27.13,29.71,None,0
6/15/25 4:00,Sunday,4,70,17.76,31.78,None,0
6/15/25 5:00,Sunday,5,83,29.41,32.53,None,0
6/15/25 6:00,Sunday,6,71,23.43,15.41,None,0
6/15/25 7:00,Sunday,7,81,35.79,22.58,None,0
6/15/25 8:00,Sunday,8,77,31.1,37.84,None,0
6/15/25 9:00,Sunday,9,79,38.58,37.57,None,0
6/15/25 10:00,Sunday,10,260,100,88.42,Payroll Processing,1
6/15/25 11:00,Sunday,11,271,100,100,Payroll Processing,1
6/15/25 12:00,Sunday,12,243,99.99,100,Payroll Processing,1
6/15/25 13:00,Sunday,13,76,25.89,25.54,None,0
6/15/25 14:00,Sunday,14,187,85.67,66.84,Month-End Reporting,1
6/15/25 15:00,Sunday,15,210,73.72,69.88,Month-End Reporting,0
6/15/25 16:00,Sunday,16,227,90.67,83.81,Month-End Reporting,1
6/15/25 17:00,Sunday,17,74,21.73,17.21,None,0
6/15/25 18:00,Sunday,18,197,81.82,63.07,Tax Filing,0
6/15/25 19:00,Sunday,19,261,100,91.52,Tax Filing,1
6/15/25 20:00,Sunday,20,80,47.44,26.79,None,0
6/15/25 21:00,Sunday,21,94,55.67,29.91,None,0
6/15/25 22:00,Sunday,22,97,50,46.76,None,0
6/15/25 23:00,Sunday,23,101,39.53,49.32,None,0
6/16/25 0:00,Monday,0,80,42.75,29.76,None,0
6/16/25 1:00,Monday,1,81,31.12,34.74,None,0
6/16/25 2:00,Monday,2,75,27.09,21.6,None,0
6/16/25 3:00,Monday,3,82,35.74,15.09,None,0
6/16/25 4:00,Monday,4,89,48.08,32.95,None,0
6/16/25 5:00,Monday,5,79,42.6,23.53,None,0
6/16/25 6:00,Monday,6,68,29.77,24.63,None,0
6/16/25 7:00,Monday,7,74,46.58,24.97,None,0
6/16/25 8:00,Monday,8,86,24.43,33.58,None,0
6/16/25 9:00,Monday,9,70,35.09,17.45,None,0
6/16/25 10:00,Monday,10,69,32.45,29.6,None,0
6/16/25 11:00,Monday,11,68,29.91,31.11,None,0
6/16/25 12:00,Monday,12,84,17.33,30.94,None,0
6/16/25 13:00,Monday,13,86,32.37,18.56,None,0
6/16/25 14:00,Monday,14,85,38.11,22.68,None,0
6/16/25 15:00,Monday,15,73,23.41,30.88,None,0
6/16/25 16:00,Monday,16,78,38.06,19.84,None,0
6/16/25 17:00,Monday,17,70,37.87,17.95,None,0
6/16/25 18:00,Monday,18,80,37.16,39.17,None,0
6/16/25 19:00,Monday,19,70,23.22,10.99,None,0
6/16/25 20:00,Monday,20,85,17.52,33.86,None,0
6/16/25 21:00,Monday,21,83,24.4,32.22,None,0
6/16/25 22:00,Monday,22,80,21.82,38.04,None,0
6/16/25 23:00,Monday,23,77,23.98,20.66,None,0
6/17/25 0:00,Tuesday,0,66,40.26,34.73,None,0
6/17/25 1:00,Tuesday,1,97,41.42,22,None,0
6/17/25 2:00,Tuesday,2,81,37.76,17.25,None,0
6/17/25 3:00,Tuesday,3,76,36.34,31.73,None,0
6/17/25 4:00,Tuesday,4,83,27.16,35.56,None,0
6/17/25 5:00,Tuesday,5,79,35.89,31.92,None,0
6/17/25 6:00,Tuesday,6,58,17.75,19.95,None,0
6/17/25 7:00,Tuesday,7,75,17.93,12.26,None,0
6/17/25 8:00,Tuesday,8,83,43.61,24.16,None,0
6/17/25 9:00,Tuesday,9,86,36.51,32.54,None,0
6/17/25 10:00,Tuesday,10,84,33.37,37.36,None,0
6/17/25 11:00,Tuesday,11,93,10.14,35.57,None,0
6/17/25 12:00,Tuesday,12,81,39.62,18.84,None,0
6/17/25 13:00,Tuesday,13,83,37.69,31.73,None,0
6/17/25 14:00,Tuesday,14,69,24.22,32.74,None,0
6/17/25 15:00,Tuesday,15,87,40.27,29.22,None,0
6/17/25 16:00,Tuesday,16,87,26.77,29.16,None,0
6/17/25 17:00,Tuesday,17,90,45.18,24.29,None,0
6/17/25 18:00,Tuesday,18,72,30.24,22.48,None,0
6/17/25 19:00,Tuesday,19,89,26.34,25.74,None,0
6/17/25 20:00,Tuesday,20,86,24.71,22.02,None,0
6/17/25 21:00,Tuesday,21,87,25.65,39.34,None,0
6/17/25 22:00,Tuesday,22,80,40.46,28.26,None,0
6/17/25 23:00,Tuesday,23,79,24.42,29.71,None,0
6/18/25 0:00,Wednesday,0,85,26.26,25.88,None,0
6/18/25 1:00,Wednesday,1,71,14.67,18.11,None,0
6/18/25 2:00,Wednesday,2,83,31.23,38.54,None,0
6/18/25 3:00,Wednesday,3,67,28.74,18.57,None,0
6/18/25 4:00,Wednesday,4,58,19.46,13.53,None,0
6/18/25 5:00,Wednesday,5,72,25.73,32.21,None,0
6/18/25 6:00,Wednesday,6,78,41.82,14.9,None,0
6/18/25 7:00,Wednesday,7,99,36.93,23.24,None,0
6/18/25 8:00,Wednesday,8,84,30.43,25.49,None,0
6/18/25 9:00,Wednesday,9,74,38.53,26.45,None,0
6/18/25 10:00,Wednesday,10,80,16.43,26.83,None,0
6/18/25 11:00,Wednesday,11,82,42.4,18.86,None,0
6/18/25 12:00,Wednesday,12,77,33.5,38.49,None,0
6/18/25 13:00,Wednesday,13,77,22.49,28.62,None,0
6/18/25 14:00,Wednesday,14,103,47.83,36.13,None,0
6/18/25 15:00,Wednesday,15,83,45.46,25.92,None,0
6/18/25 16:00,Wednesday,16,86,46.53,34.19,None,0
6/18/25 17:00,Wednesday,17,97,65.15,47.82,None,0
6/18/25 18:00,Wednesday,18,89,39.83,50.03,None,0
6/18/25 19:00,Wednesday,19,90,29.97,27.49,None,0
6/18/25 20:00,Wednesday,20,71,24.25,25.06,None,0
6/18/25 21:00,Wednesday,21,84,43.76,33.96,None,0
6/18/25 22:00,Wednesday,22,77,42.38,17.12,None,0
6/18/25 23:00,Wednesday,23,86,19.68,35.94,None,0
6/19/25 0:00,Thursday,0,92,29.62,26.88,None,0
6/19/25 1:00,Thursday,1,71,34.68,33.64,None,0
6/19/25 2:00,Thursday,2,80,33.61,25.97,None,0
6/19/25 3:00,Thursday,3,66,30.52,24.26,None,0
6/19/25 4:00,Thursday,4,88,26.18,34.06,None,0
6/19/25 5:00,Thursday,5,84,43.31,28.71,None,0
6/19/25 6:00,Thursday,6,82,31.5,26.88,None,0
6/19/25 7:00,Thursday,7,77,43.6,34.47,None,0
6/19/25 8:00,Thursday,8,88,34.91,40.85,None,0
6/19/25 9:00,Thursday,9,80,26.55,32.49,None,0
6/19/25 10:00,Thursday,10,77,43.46,44.79,None,0
6/19/25 11:00,Thursday,11,79,24.5,23.86,None,0
6/19/25 12:00,Thursday,12,77,29.73,27.04,None,0
6/19/25 13:00,Thursday,13,84,35.06,35.35,None,0
6/19/25 14:00,Thursday,14,69,35.66,25.03,None,0
6/19/25 15:00,Thursday,15,57,32.63,2.77,None,0
6/19/25 16:00,Thursday,16,82,40.48,36.02,None,0
6/19/25 17:00,Thursday,17,80,26.63,25.99,None,0
6/19/25 18:00,Thursday,18,84,34.45,21.75,None,0
6/19/25 19:00,Thursday,19,107,39.28,36.64,None,0
6/19/25 20:00,Thursday,20,66,35.94,23.38,None,0
6/19/25 21:00,Thursday,21,78,41.01,33.39,None,0
6/19/25 22:00,Thursday,22,82,27.08,18.98,None,0
6/19/25 23:00,Thursday,23,85,24.09,30.99,None,0
6/20/25 0:00,Friday,0,80,8.42,31.81,None,0
6/20/25 1:00,Friday,1,67,23.21,27.59,None,0
6/20/25 2:00,Friday,2,69,21.98,26.88,None,0
6/20/25 3:00,Friday,3,70,14.13,22.85,None,0
6/20/25 4:00,Friday,4,92,41.19,39.34,None,0
6/20/25 5:00,Friday,5,83,38.31,24.55,None,0
6/20/25 6:00,Friday,6,89,46.44,34.53,None,0
6/20/25 7:00,Friday,7,78,43.87,20.67,None,0
6/20/25 8:00,Friday,8,77,34.98,32.54,None,0
6/20/25 9:00,Friday,9,77,21.22,30.13,None,0
6/20/25 10:00,Friday,10,226,87.97,84.24,Payroll Processing,1
6/20/25 11:00,Friday,11,226,100,78.31,Payroll Processing,1
6/20/25 12:00,Friday,12,259,90.08,99.91,Payroll Processing,1
6/20/25 13:00,Friday,13,86,36.3,31.28,None,0
6/20/25 14:00,Friday,14,205,86.49,66.89,Month-End Reporting,1
6/20/25 15:00,Friday,15,238,99.55,75.15,Month-End Reporting,1
6/20/25 16:00,Friday,16,224,82.02,69.07,Month-End Reporting,0
6/20/25 17:00,Friday,17,98,43.01,35.27,None,0
6/20/25 18:00,Friday,18,196,94.88,63.6,Tax Filing,1
6/20/25 19:00,Friday,19,246,96.07,83.39,Tax Filing,1
6/20/25 20:00,Friday,20,73,23.62,32.84,None,0
6/20/25 21:00,Friday,21,82,37.72,19.99,None,0
6/20/25 22:00,Friday,22,63,29.37,21.18,None,0
6/20/25 23:00,Friday,23,78,13.29,31.93,None,0
6/21/25 0:00,Saturday,0,88,42.08,33.68,None,0
6/21/25 1:00,Saturday,1,75,31.72,20.29,None,0
6/21/25 2:00,Saturday,2,72,40.12,18.37,None,0
6/21/25 3:00,Saturday,3,91,27.68,28.26,None,0
6/21/25 4:00,Saturday,4,84,24.9,23.46,None,0
6/21/25 5:00,Saturday,5,79,28.63,28.26,None,0
6/21/25 6:00,Saturday,6,79,46.09,35.97,None,0
6/21/25 7:00,Saturday,7,87,26.16,35.31,None,0
6/21/25 8:00,Saturday,8,86,28.69,15,None,0
6/21/25 9:00,Saturday,9,64,22.83,14.15,None,0
6/21/25 10:00,Saturday,10,89,39.83,25.99,None,0
6/21/25 11:00,Saturday,11,73,21.3,28.92,None,0
6/21/25 12:00,Saturday,12,75,46.18,25.02,None,0
6/21/25 13:00,Saturday,13,71,36.73,25.4,None,0
6/21/25 14:00,Saturday,14,75,23.9,26.49,None,0
6/21/25 15:00,Saturday,15,81,20.21,26.97,None,0
6/21/25 16:00,Saturday,16,79,27.44,26.13,None,0
6/21/25 17:00,Saturday,17,103,34.94,37.88,None,0
6/21/25 18:00,Saturday,18,86,26.6,33.47,None,0
6/21/25 19:00,Saturday,19,92,26.14,30.23,None,0
6/21/25 20:00,Saturday,20,74,28.03,21.11,None,0
6/21/25 21:00,Saturday,21,58,33.78,22.38,None,0
6/21/25 22:00,Saturday,22,68,16.19,17.13,None,0
6/21/25 23:00,Saturday,23,82,45.9,36.16,None,0
6/22/25 0:00,Sunday,0,85,32.01,23.79,None,0
6/22/25 1:00,Sunday,1,88,44.33,27.35,None,0
6/22/25 2:00,Sunday,2,73,29.11,16.81,None,0
6/22/25 3:00,Sunday,3,84,25.57,21.91,None,0
6/22/25 4:00,Sunday,4,63,19.15,21.48,None,0
6/22/25 5:00,Sunday,5,75,37.17,3.66,None,0
6/22/25 6:00,Sunday,6,73,29.37,8.78,None,0
6/22/25 7:00,Sunday,7,76,30.29,35.83,None,0
6/22/25 8:00,Sunday,8,82,26.52,26.89,None,0
6/22/25 9:00,Sunday,9,62,10.72,9.58,None,0
6/22/25 10:00,Sunday,10,82,33,33.93,None,0
6/22/25 11:00,Sunday,11,92,34.78,22.8,None,0
6/22/25 12:00,Sunday,12,80,45.79,27.16,None,0
6/22/25 13:00,Sunday,13,87,52.71,24.3,None,0
6/22/25 14:00,Sunday,14,85,26.85,24.74,None,0
6/22/25 15:00,Sunday,15,81,26.16,26.66,None,0
6/22/25 16:00,Sunday,16,77,32.44,29.34,None,0
6/22/25 17:00,Sunday,17,93,40.99,36.96,None,0
6/22/25 18:00,Sunday,18,56,29.88,8.51,None,0
6/22/25 19:00,Sunday,19,101,41.61,43.24,None,0
6/22/25 20:00,Sunday,20,88,56.86,40.5,None,0
6/22/25 21:00,Sunday,21,80,27.99,24.59,None,0
6/22/25 22:00,Sunday,22,92,46.86,27.49,None,0
6/22/25 23:00,Sunday,23,75,40.89,27,None,0
6/23/25 0:00,Monday,0,85,42.09,26.05,None,0
6/23/25 1:00,Monday,1,64,12.38,27.54,None,0
6/23/25 2:00,Monday,2,82,24.29,34.98,None,0
6/23/25 3:00,Monday,3,79,19.53,36.52,None,0
6/23/25 4:00,Monday,4,73,27.7,34.37,None,0
6/23/25 5:00,Monday,5,70,25.21,35.15,None,0
6/23/25 6:00,Monday,6,72,44.64,19.54,None,0
6/23/25 7:00,Monday,7,86,35.95,38.49,None,0
6/23/25 8:00,Monday,8,85,37.35,21.88,None,0
6/23/25 9:00,Monday,9,85,38.96,29.4,None,0
6/23/25 10:00,Monday,10,74,39.81,24.38,None,0
6/23/25 11:00,Monday,11,83,29.65,31.99,None,0
6/23/25 12:00,Monday,12,86,28.38,31.77,None,0
6/23/25 13:00,Monday,13,85,14.17,36.17,None,0
6/23/25 14:00,Monday,14,70,36.43,18.14,None,0
6/23/25 15:00,Monday,15,85,30.03,33.96,None,0
6/23/25 16:00,Monday,16,81,27.01,28.91,None,0
6/23/25 17:00,Monday,17,81,23.82,34.32,None,0
6/23/25 18:00,Monday,18,82,24.48,38.99,None,0
6/23/25 19:00,Monday,19,92,36.85,33.8,None,0
6/23/25 20:00,Monday,20,70,12.19,29.5,None,0
6/23/25 21:00,Monday,21,61,14.31,21.62,None,0
6/23/25 22:00,Monday,22,70,31.29,20.88,None,0
6/23/25 23:00,Monday,23,84,47.72,19.76,None,0
6/24/25 0:00,Tuesday,0,75,23.48,19.3,None,0
6/24/25 1:00,Tuesday,1,77,45.92,17.3,None,0
6/24/25 2:00,Tuesday,2,75,31.36,25.63,None,0
6/24/25 3:00,Tuesday,3,78,25.71,28.6,None,0
6/24/25 4:00,Tuesday,4,80,16.41,34.21,None,0
6/24/25 5:00,Tuesday,5,95,24.42,50.39,None,0
6/24/25 6:00,Tuesday,6,90,39.19,43.14,None,0
6/24/25 7:00,Tuesday,7,72,12.36,9.73,None,0
6/24/25 8:00,Tuesday,8,81,33.14,18.49,None,0
6/24/25 9:00,Tuesday,9,82,28.76,35.18,None,0
6/24/25 10:00,Tuesday,10,82,41.63,23.38,None,0
6/24/25 11:00,Tuesday,11,86,46.12,23.53,None,0
6/24/25 12:00,Tuesday,12,67,22.73,15.84,None,0
6/24/25 13:00,Tuesday,13,83,32.63,12.79,None,0
6/24/25 14:00,Tuesday,14,74,28.61,20.65,None,0
6/24/25 15:00,Tuesday,15,91,27.84,27.86,None,0
6/24/25 16:00,Tuesday,16,75,27.76,26.01,None,0
6/24/25 17:00,Tuesday,17,84,51,50.02,None,0
6/24/25 18:00,Tuesday,18,72,19.65,15.17,None,0
6/24/25 19:00,Tuesday,19,79,27.93,31.87,None,0
6/24/25 20:00,Tuesday,20,77,25.51,25.48,None,0
6/24/25 21:00,Tuesday,21,74,36.42,25.75,None,0
6/24/25 22:00,Tuesday,22,82,51.02,21.99,None,0
6/24/25 23:00,Tuesday,23,87,32.05,26.44,None,0
6/25/25 0:00,Wednesday,0,87,38.65,28.25,None,0
6/25/25 1:00,Wednesday,1,80,45.09,34,None,0
6/25/25 2:00,Wednesday,2,78,39.38,26.74,None,0
6/25/25 3:00,Wednesday,3,70,30.38,23.86,None,0
6/25/25 4:00,Wednesday,4,80,31.54,21.53,None,0
6/25/25 5:00,Wednesday,5,81,16.57,28.82,None,0
6/25/25 6:00,Wednesday,6,73,26.05,21.58,None,0
6/25/25 7:00,Wednesday,7,72,38.25,14.05,None,0
6/25/25 8:00,Wednesday,8,75,35.94,30.54,None,0
6/25/25 9:00,Wednesday,9,84,26.65,25.44,None,0
6/25/25 10:00,Wednesday,10,184,82.04,64.34,Payroll Processing,0
6/25/25 11:00,Wednesday,11,201,73.14,72.82,Payroll Processing,0
6/25/25 12:00,Wednesday,12,268,100,89.15,Payroll Processing,1
6/25/25 13:00,Wednesday,13,81,39.79,38.42,None,0
6/25/25 14:00,Wednesday,14,207,87.32,73.28,Month-End Reporting,1
6/25/25 15:00,Wednesday,15,169,57.18,55.47,Month-End Reporting,0
6/25/25 16:00,Wednesday,16,265,100,82.01,Month-End Reporting,1
6/25/25 17:00,Wednesday,17,80,28.81,32.94,None,0
6/25/25 18:00,Wednesday,18,250,89.92,82.01,Tax Filing,1
6/25/25 19:00,Wednesday,19,214,77.63,71.61,Tax Filing,0
6/25/25 20:00,Wednesday,20,79,46.68,31.08,None,0
6/25/25 21:00,Wednesday,21,83,26.44,28.7,None,0
6/25/25 22:00,Wednesday,22,80,34.89,16.27,None,0
6/25/25 23:00,Wednesday,23,84,37.41,30.94,None,0
6/26/25 0:00,Thursday,0,73,47.91,35.42,None,0
6/26/25 1:00,Thursday,1,80,30.2,19.3,None,0
6/26/25 2:00,Thursday,2,69,22.33,12.54,None,0
6/26/25 3:00,Thursday,3,84,53.15,29.45,None,0
6/26/25 4:00,Thursday,4,86,35.67,24.46,None,0
6/26/25 5:00,Thursday,5,69,14.28,32.32,None,0
6/26/25 6:00,Thursday,6,91,31.06,38.3,None,0
6/26/25 7:00,Thursday,7,73,22.33,37.31,None,0
6/26/25 8:00,Thursday,8,77,27.84,12.63,None,0
6/26/25 9:00,Thursday,9,82,21.6,33.67,None,0
6/26/25 10:00,Thursday,10,70,29.98,26.09,None,0
6/26/25 11:00,Thursday,11,84,46.98,46.92,None,0
6/26/25 12:00,Thursday,12,80,38.21,44.98,None,0
6/26/25 13:00,Thursday,13,100,50.74,30.41,None,0
6/26/25 14:00,Thursday,14,76,49.32,30.91,None,0
6/26/25 15:00,Thursday,15,69,14.18,26.32,None,0
6/26/25 16:00,Thursday,16,71,36.11,25.61,None,0
6/26/25 17:00,Thursday,17,91,62.4,48.55,None,0
6/26/25 18:00,Thursday,18,77,24.49,37.33,None,0
6/26/25 19:00,Thursday,19,81,37.88,33.04,None,0
6/26/25 20:00,Thursday,20,83,34.87,33.1,None,0
6/26/25 21:00,Thursday,21,80,32.12,21.92,None,0
6/26/25 22:00,Thursday,22,89,56.4,24.56,None,0
6/26/25 23:00,Thursday,23,80,12.34,29.35,None,0
6/27/25 0:00,Friday,0,91,23.07,26.22,None,0
6/27/25 1:00,Friday,1,77,20.02,20.56,None,0
6/27/25 2:00,Friday,2,100,43.2,33.22,None,0
6/27/25 3:00,Friday,3,92,40.19,31.6,None,0
6/27/25 4:00,Friday,4,76,18.16,27.7,None,0
6/27/25 5:00,Friday,5,80,28.85,26.97,None,0
6/27/25 6:00,Friday,6,74,31.23,27.47,None,0
6/27/25 7:00,Friday,7,83,14.42,33.88,None,0
6/27/25 8:00,Friday,8,88,43.97,29.62,None,0
6/27/25 9:00,Friday,9,79,46.02,21.11,None,0
6/27/25 10:00,Friday,10,82,34.5,29.14,None,0
6/27/25 11:00,Friday,11,90,42.06,29.52,None,0
6/27/25 12:00,Friday,12,68,23.75,23.9,None,0
6/27/25 13:00,Friday,13,73,39.67,34.36,None,0
6/27/25 14:00,Friday,14,89,33.02,29.37,None,0
6/27/25 15:00,Friday,15,65,18.8,10.91,None,0
6/27/25 16:00,Friday,16,89,31.19,17.66,None,0
6/27/25 17:00,Friday,17,59,20.37,22.99,None,0
6/27/25 18:00,Friday,18,75,23.65,23.61,None,0
6/27/25 19:00,Friday,19,85,36.56,37.38,None,0
6/27/25 20:00,Friday,20,88,50,45.1,None,0
6/27/25 21:00,Friday,21,73,15.44,18.53,None,0
6/27/25 22:00,Friday,22,70,19.58,35.68,None,0
6/27/25 23:00,Friday,23,76,13.73,17.4,None,0
6/28/25 0:00,Saturday,0,84,30.35,32.43,None,0
6/28/25 1:00,Saturday,1,101,18.08,25.44,None,0
6/28/25 2:00,Saturday,2,69,31.64,27.43,None,0
6/28/25 3:00,Saturday,3,75,25.06,31.85,None,0
6/28/25 4:00,Saturday,4,88,26.94,22.55,None,0
6/28/25 5:00,Saturday,5,86,48.16,33.91,None,0
6/28/25 6:00,Saturday,6,94,48.23,29.95,None,0
6/28/25 7:00,Saturday,7,77,50.47,35.08,None,0
6/28/25 8:00,Saturday,8,91,28.41,33.06,None,0
6/28/25 9:00,Saturday,9,80,39.92,13.21,None,0
6/28/25 10:00,Saturday,10,71,28.34,32.39,None,0
6/28/25 11:00,Saturday,11,83,23.66,28.74,None,0
6/28/25 12:00,Saturday,12,66,48.6,24.26,None,0
6/28/25 13:00,Saturday,13,86,55.36,40.75,None,0
6/28/25 14:00,Saturday,14,75,29.43,19.18,None,0
6/28/25 15:00,Saturday,15,93,27.59,20.28,None,0
6/28/25 16:00,Saturday,16,86,30.87,35.65,None,0
6/28/25 17:00,Saturday,17,93,27.18,25.12,None,0
6/28/25 18:00,Saturday,18,71,30.15,23.25,None,0
6/28/25 19:00,Saturday,19,73,11.73,15.14,None,0
6/28/25 20:00,Saturday,20,82,24.35,23.78,None,0
6/28/25 21:00,Saturday,21,84,38.68,42.27,None,0
6/28/25 22:00,Saturday,22,91,38.47,28.91,None,0
6/28/25 23:00,Saturday,23,75,40.25,32.68,None,0
6/29/25 0:00,Sunday,0,89,22.61,36.24,None,0
6/29/25 1:00,Sunday,1,83,18.95,33.41,None,0
6/29/25 2:00,Sunday,2,78,15.66,34.52,None,0
6/29/25 3:00,Sunday,3,92,11.46,27.39,None,0
6/29/25 4:00,Sunday,4,78,25.82,19.64,None,0
6/29/25 5:00,Sunday,5,67,36.72,21.28,None,0
6/29/25 6:00,Sunday,6,80,45.07,30.59,None,0
6/29/25 7:00,Sunday,7,63,28.38,17.49,None,0
6/29/25 8:00,Sunday,8,84,18.94,41.97,None,0
6/29/25 9:00,Sunday,9,71,30.33,23.65,None,0
6/29/25 10:00,Sunday,10,73,31.22,22.88,None,0
6/29/25 11:00,Sunday,11,72,42.96,28.15,None,0
6/29/25 12:00,Sunday,12,66,30.43,29.99,None,0
6/29/25 13:00,Sunday,13,80,30.29,26.44,None,0
6/29/25 14:00,Sunday,14,69,26.15,15.28,None,0
6/29/25 15:00,Sunday,15,79,41.32,15.66,None,0
6/29/25 16:00,Sunday,16,92,22.16,28.58,None,0
6/29/25 17:00,Sunday,17,86,34.6,30.51,None,0
6/29/25 18:00,Sunday,18,75,34.98,27.83,None,0
6/29/25 19:00,Sunday,19,79,31.09,39.26,None,0
6/29/25 20:00,Sunday,20,88,32.74,20.99,None,0
6/29/25 21:00,Sunday,21,72,34.41,33.93,None,0
6/29/25 22:00,Sunday,22,70,36.34,44.34,None,0
6/29/25 23:00,Sunday,23,62,39.59,24.16,None,0
6/30/25 0:00,Monday,0,74,35.15,22.05,None,0
6/30/25 1:00,Monday,1,86,32.83,24.24,None,0
6/30/25 2:00,Monday,2,68,35.28,13.36,None,0
6/30/25 3:00,Monday,3,77,23.08,28.11,None,0
6/30/25 4:00,Monday,4,69,35.97,23.08,None,0
6/30/25 5:00,Monday,5,71,27.41,21.19,None,0
6/30/25 6:00,Monday,6,73,13.22,28.87,None,0
6/30/25 7:00,Monday,7,79,49.09,17.84,None,0
6/30/25 8:00,Monday,8,104,36.04,40.85,None,0
6/30/25 9:00,Monday,9,74,18.68,14.15,None,0
6/30/25 10:00,Monday,10,258,91.39,98.16,Payroll Processing,1
6/30/25 11:00,Monday,11,222,80.96,71.23,Payroll Processing,0
6/30/25 12:00,Monday,12,264,100,86.88,Payroll Processing,1
6/30/25 13:00,Monday,13,85,35.17,15.33,None,0
6/30/25 14:00,Monday,14,226,90.26,59.22,Month-End Reporting,1
6/30/25 15:00,Monday,15,215,76.4,78.38,Month-End Reporting,0
6/30/25 16:00,Monday,16,267,100,100,Month-End Reporting,1
6/30/25 17:00,Monday,17,88,32.66,25.9,None,0
6/30/25 18:00,Monday,18,217,95.13,69.49,Tax Filing,1
6/30/25 19:00,Monday,19,228,87.44,83.36,Tax Filing,1
6/30/25 20:00,Monday,20,73,32.12,29.32,None,0
6/30/25 21:00,Monday,21,89,47.19,28,None,0
6/30/25 22:00,Monday,22,80,41.2,24.09,None,0
6/30/25 23:00,Monday,23,85,35.46,30.34,None,0